formula,accuracy,precision,recall,f1,mcfadden_r2,avg_mcfadden_r2,avg_accuracy,avg_f1,Model_id
"('nbo_P_rc_boltz',)",0.8846153846153846,0.886904761904762,0.8846153846153846,0.8844444444444444,0.6009057981677415,0.48013164882328463,0.8466666666666667,0.8457142857142858,0
"('fukui_m_boltz',)",0.8461538461538461,0.8461538461538461,0.8461538461538461,0.8461538461538461,0.5722231923362646,0.45580249463165023,0.8133333333333332,0.805,1
"('spindens_P_rc_boltz',)",0.8076923076923077,0.8095238095238095,0.8076923076923077,0.8074074074074075,0.5645664593437532,0.4497480712130626,0.8133333333333332,0.805,2
"('fukui_p_boltz',)",0.7307692307692307,0.7321428571428571,0.7307692307692307,0.7303703703703703,0.459091964930352,,,,3
"('vbur_max_delta_qvbur_boltz',)",0.8076923076923077,0.8611111111111112,0.8076923076923077,0.8003072196620585,0.41622404270690183,,,,4
