formula,accuracy,precision,recall,f1,mcfaden,avg_accuracy,avg_f1,Model_id
"('flag', '-2-7-')",0.9615384615384616,0.9631410256410255,0.9615384615384616,0.9616966464792551,0.6218343225238232,0.9254545454545454,0.9260731995277449,2
"('flag', '-2-3-')",0.9230769230769231,0.9278846153846154,0.9230769230769231,0.9236807878112224,0.6453330355974136,0.9036363636363637,0.903890331890332,0
"('flag', '-2-3-', '-2-7-')",0.9423076923076923,0.9439799331103678,0.9423076923076923,0.9426888426888428,0.6302859082521985,0.8672727272727274,0.8618076872622329,1
"('-2-3-', '-2-7-')",0.6538461538461539,0.654319955406912,0.6538461538461539,0.6498168498168498,0.2962038116130199,,,3
