combination,accuracy,precision,recall,f1_score,mcfadden_r2,avg_mcfadden_r2,avg_accuracy,avg_f1_score,threshold
"('-2-3-', '-2-7-')",0.6727272727272727,0.6702564102564103,0.6727272727272727,0.6676190476190477,0.21659916092855813,,,,0.5
